month,bidding_no,vehicle_class,quota,bids_success,bids_received,premium
2010-01,1,Category A,1152,1145,1342,18502
2010-01,1,Category B,687,679,883,19190
2010-01,1,Category C,173,173,265,19001
2010-01,1,Category D,373,365,509,889
2010-01,1,Category E,586,567,1011,19889
2010-01,2,Category A,1151,1149,1673,20501
2010-01,2,Category B,717,717,1105,22400
2010-01,2,Category C,181,173,280,20090
2010-01,2,Category D,378,378,551,852
2010-01,2,Category E,588,579,1322,21899
2010-02,1,Category A,1154,1153,1326,19989
2010-02,1,Category B,693,690,930,23180
2010-02,1,Category C,165,162,250,21390
2010-02,1,Category D,371,349,525,852
2010-02,1,Category E,601,596,1069,22401
2010-02,2,Category A,1148,1148,1493,20340
2010-02,2,Category B,685,658,956,23889
2010-02,2,Category C,173,170,285,23501
2010-02,2,Category D,363,355,472,1001
2010-02,2,Category E,590,587,1255,24229
2010-03,1,Category A,1148,1141,1758,20802
2010-03,1,Category B,688,667,1087,26389
2010-03,1,Category C,168,164,257,27001
2010-03,1,Category D,385,383,467,1159
2010-03,1,Category E,587,575,1184,27590
2010-03,2,Category A,1146,1137,2183,28389
2010-03,2,Category B,711,699,1207,36089
2010-03,2,Category C,168,141,341,32890
2010-03,2,Category D,371,368,495,1200
2010-03,2,Category E,584,554,1507,42001
2010-04,1,Category A,705,597,1379,34001
2010-04,1,Category B,571,571,858,45501
2010-04,1,Category C,180,167,329,36511
2010-04,1,Category D,338,334,409,1221
2010-04,1,Category E,372,328,856,49000
2010-04,2,Category A,706,704,1242,30000
2010-04,2,Category B,561,549,896,40001
2010-04,2,Category C,203,203,298,35556
2010-04,2,Category D,339,311,383,1253
2010-04,2,Category E,390,383,709,43003
2010-05,1,Category A,806,798,1294,26102
2010-05,1,Category B,550,547,869,38000
2010-05,1,Category C,189,187,329,32501
2010-05,1,Category D,340,317,415,1252
2010-05,1,Category E,404,403,857,39002
2010-05,2,Category A,699,697,1036,27389
2010-05,2,Category B,561,553,715,34600
2010-05,2,Category C,176,170,296,29389
2010-05,2,Category D,364,360,468,1312
2010-05,2,Category E,367,365,608,39000
2010-06,1,Category A,706,704,1107,30051
2010-06,1,Category B,553,546,779,40002
2010-06,1,Category C,178,177,273,30189
2010-06,1,Category D,359,344,504,1452
2010-06,1,Category E,361,322,639,41000
2010-06,2,Category A,699,697,902,31510
2010-06,2,Category B,557,554,720,39911
2010-06,2,Category C,182,175,253,31689
2010-06,2,Category D,340,339,376,1454
2010-06,2,Category E,362,359,682,41006
2010-07,1,Category A,700,676,893,29501
2010-07,1,Category B,557,557,671,35909
2010-07,1,Category C,177,176,277,31389
2010-07,1,Category D,351,347,476,1320
2010-07,1,Category E,399,399,660,41010
2010-07,2,Category A,699,691,967,36162
2010-07,2,Category B,552,548,890,42889
2010-07,2,Category C,183,182,285,30601
2010-07,2,Category D,337,334,372,1290
2010-07,2,Category E,363,357,725,43565
2010-08,1,Category A,622,589,786,32104
2010-08,1,Category B,479,479,662,43334
2010-08,1,Category C,205,205,284,30112
2010-08,1,Category D,336,326,384,1301
2010-08,1,Category E,309,308,594,42901
2010-08,2,Category A,606,606,975,29000
2010-08,2,Category B,482,472,683,42810
2010-08,2,Category C,206,205,275,30002
2010-08,2,Category D,335,330,369,1251
2010-08,2,Category E,315,315,583,43501
2010-09,1,Category A,631,628,775,33089
2010-09,1,Category B,479,479,757,44129
2010-09,1,Category C,204,190,291,33000
2010-09,1,Category D,342,329,453,1502
2010-09,1,Category E,310,308,460,44001
2010-09,2,Category A,597,547,993,30001
2010-09,2,Category B,488,488,648,42501
2010-09,2,Category C,206,201,271,31001
2010-09,2,Category D,338,337,364,1452
2010-09,2,Category E,309,307,520,43290
2010-10,1,Category A,601,601,722,33132
2010-10,1,Category B,479,476,630,42801
2010-10,1,Category C,218,217,287,30889
2010-10,1,Category D,345,320,422,1502
2010-10,1,Category E,311,304,518,44090
2010-10,2,Category A,647,647,817,32415
2010-10,2,Category B,479,478,766,44600
2010-10,2,Category C,210,210,287,30511
2010-10,2,Category D,333,304,430,1689
2010-10,2,Category E,311,287,455,44900
2010-11,1,Category A,598,598,843,34001
2010-11,1,Category B,482,482,718,45501
2010-11,1,Category C,205,201,270,31006
2010-11,1,Category D,357,352,414,1452
2010-11,1,Category E,316,312,497,46001
2010-11,2,Category A,597,577,833,39000
2010-11,2,Category B,480,459,709,47890
2010-11,2,Category C,205,202,241,31202
2010-11,2,Category D,361,324,424,1502
2010-11,2,Category E,333,332,634,49890
2010-12,1,Category A,598,582,1020,47604
2010-12,1,Category B,479,477,1034,62502
2010-12,1,Category C,208,207,294,32001
2010-12,1,Category D,337,329,410,1701
2010-12,1,Category E,313,313,674,64900
2010-12,2,Category A,617,607,755,46129
2010-12,2,Category B,499,494,872,72001
2010-12,2,Category C,208,205,300,33501
2010-12,2,Category D,369,362,406,1551
2010-12,2,Category E,311,302,463,76102
2011-01,1,Category A,614,602,1192,38889
2011-01,1,Category B,481,474,790,69000
2011-01,1,Category C,205,205,294,35111
2011-01,1,Category D,340,337,398,1503
2011-01,1,Category E,309,305,475,75789
2011-01,2,Category A,607,606,1091,40123
2011-01,2,Category B,483,482,700,58910
2011-01,2,Category C,207,196,272,30000
2011-01,2,Category D,339,335,458,1690
2011-01,2,Category E,319,312,433,67009
2011-02,1,Category A,523,501,1146,37124
2011-02,1,Category B,431,431,640,53400
2011-02,1,Category C,275,275,356,28589
2011-02,1,Category D,328,328,417,1819
2011-02,1,Category E,333,326,648,58890
2011-02,2,Category A,511,494,788,42999
2011-02,2,Category B,424,423,726,62000
2011-02,2,Category C,287,282,368,29011
2011-02,2,Category D,330,294,461,2001
2011-02,2,Category E,336,335,558,62001
2011-03,1,Category A,532,530,875,42600
2011-03,1,Category B,424,423,667,61894
2011-03,1,Category C,276,276,360,30001
2011-03,1,Category D,325,310,490,2604
2011-03,1,Category E,336,324,574,62010
2011-03,2,Category A,527,472,927,43813
2011-03,2,Category B,424,424,579,57002
2011-03,2,Category C,281,279,371,29690
2011-03,2,Category D,362,362,429,2534
2011-03,2,Category E,330,330,458,59073
2011-04,1,Category A,512,511,813,43212
2011-04,1,Category B,425,410,542,55001
2011-04,1,Category C,276,275,316,28189
2011-04,1,Category D,340,335,500,2490
2011-04,1,Category E,341,340,454,57100
2011-04,2,Category A,565,552,964,44000
2011-04,2,Category B,423,422,627,56801
2011-04,2,Category C,277,269,346,23900
2011-04,2,Category D,326,326,478,2502
2011-04,2,Category E,330,329,484,56001
2011-05,1,Category A,511,511,944,44790
2011-05,1,Category B,439,439,650,56011
2011-05,1,Category C,277,277,366,21889
2011-05,1,Category D,330,328,481,2253
2011-05,1,Category E,330,321,498,56490
2011-05,2,Category A,523,521,760,46989
2011-05,2,Category B,424,424,564,56300
2011-05,2,Category C,283,279,381,22989
2011-05,2,Category D,326,324,486,2013
2011-05,2,Category E,331,322,470,56889
2011-06,1,Category A,510,506,880,53390
2011-06,1,Category B,424,403,759,63000
2011-06,1,Category C,276,276,457,29006
2011-06,1,Category D,327,327,507,2491
2011-06,1,Category E,338,295,530,62000
2011-06,2,Category A,512,512,715,50244
2011-06,2,Category B,423,410,684,67700
2011-06,2,Category C,279,270,391,31089
2011-06,2,Category D,328,322,367,2290
2011-06,2,Category E,339,334,468,65490
2011-07,1,Category A,514,497,839,55989
2011-07,1,Category B,445,444,728,68501
2011-07,1,Category C,276,276,375,32590
2011-07,1,Category D,325,323,369,2360
2011-07,1,Category E,372,342,509,68811
2011-07,2,Category A,510,501,776,56002
2011-07,2,Category B,436,436,626,72501
2011-07,2,Category C,284,281,393,34502
2011-07,2,Category D,332,332,496,2012
2011-07,2,Category E,335,328,459,74490
2011-08,1,Category A,566,566,1034,48801
2011-08,1,Category B,354,349,469,70890
2011-08,1,Category C,241,239,383,34009
2011-08,1,Category D,390,390,470,1890
2011-08,1,Category E,360,360,488,70117
2011-08,2,Category A,557,557,927,49301
2011-08,2,Category B,353,353,527,65521
2011-08,2,Category C,245,237,367,32289
2011-08,2,Category D,387,382,471,1999
2011-08,2,Category E,337,335,516,67000
2011-09,1,Category A,548,547,794,51000
2011-09,1,Category B,359,356,496,63002
2011-09,1,Category C,243,236,328,31900
2011-09,1,Category D,388,382,532,2339
2011-09,1,Category E,330,329,466,65589
2011-09,2,Category A,548,531,951,48006
2011-09,2,Category B,353,353,469,64889
2011-09,2,Category C,250,248,325,30089
2011-09,2,Category D,392,392,492,2109
2011-09,2,Category E,332,332,449,62502
2011-10,1,Category A,549,549,793,50289
2011-10,1,Category B,356,353,524,63600
2011-10,1,Category C,249,247,348,32801
2011-10,1,Category D,394,394,486,2078
2011-10,1,Category E,331,331,452,65058
2011-10,2,Category A,565,554,873,56112
2011-10,2,Category B,353,353,633,75889
2011-10,2,Category C,244,229,354,37011
2011-10,2,Category D,387,380,486,2091
2011-10,2,Category E,330,306,518,73600
2011-11,1,Category A,548,547,766,55997
2011-11,1,Category B,356,355,551,77000
2011-11,1,Category C,244,244,365,40803
2011-11,1,Category D,388,359,429,2012
2011-11,1,Category E,330,311,507,78001
2011-11,2,Category A,559,541,756,54887
2011-11,2,Category B,353,338,518,77340
2011-11,2,Category C,256,248,335,40189
2011-11,2,Category D,394,389,469,1889
2011-11,2,Category E,355,352,496,75889
2011-12,1,Category A,549,543,781,52392
2011-12,1,Category B,354,351,474,72350
2011-12,1,Category C,242,242,334,40009
2011-12,1,Category D,416,415,451,1902
2011-12,1,Category E,349,335,489,74340
2011-12,2,Category A,566,457,878,50001
2011-12,2,Category B,368,368,464,70003
2011-12,2,Category C,249,249,361,39589
2011-12,2,Category D,392,386,456,1481
2011-12,2,Category E,334,285,521,71000
2012-01,1,Category A,554,554,901,46889
2012-01,1,Category B,356,356,511,65801
2012-01,1,Category C,242,239,357,38699
2012-01,1,Category D,388,386,434,1682
2012-01,1,Category E,344,341,530,65700
2012-01,2,Category A,657,652,903,48112
2012-01,2,Category B,353,351,537,67889
2012-01,2,Category C,241,236,405,44001
2012-01,2,Category D,393,390,517,1552
2012-01,2,Category E,380,375,538,67101
2012-02,1,Category A,619,571,1058,52809
2012-02,1,Category B,350,346,635,73890
2012-02,1,Category C,162,158,307,49801
2012-02,1,Category D,412,409,512,1802
2012-02,1,Category E,312,312,425,73801
2012-02,2,Category A,624,607,1017,57009
2012-02,2,Category B,351,348,580,78189
2012-02,2,Category C,164,149,248,52004
2012-02,2,Category D,413,389,509,2012
2012-02,2,Category E,314,296,507,78000
2012-03,1,Category A,667,649,912,56551
2012-03,1,Category B,354,352,626,79304
2012-03,1,Category C,163,159,247,50009
2012-03,1,Category D,413,407,474,1490
2012-03,1,Category E,309,309,492,76881
2012-03,2,Category A,636,626,1067,56501
2012-03,2,Category B,352,352,529,82003
2012-03,2,Category C,174,174,241,51511
2012-03,2,Category D,434,433,584,2000
2012-03,2,Category E,327,327,449,80101
2012-04,1,Category A,637,615,960,58501
2012-04,1,Category B,352,348,483,83700
2012-04,1,Category C,163,163,222,53989
2012-04,1,Category D,416,416,542,1896
2012-04,1,Category E,309,307,413,84590
2012-04,2,Category A,629,618,1011,64201
2012-04,2,Category B,349,349,563,91000
2012-04,2,Category C,160,158,261,57589
2012-04,2,Category D,411,411,526,1924
2012-04,2,Category E,308,295,447,92010
2012-05,1,Category A,641,593,822,62600
2012-05,1,Category B,354,354,545,92050
2012-05,1,Category C,159,159,218,58553
2012-05,1,Category D,410,410,514,2021
2012-05,1,Category E,311,304,457,88990
2012-05,2,Category A,630,617,945,58001
2012-05,2,Category B,349,349,482,85216
2012-05,2,Category C,162,161,205,57106
2012-05,2,Category D,410,410,520,1890
2012-05,2,Category E,321,312,544,86889
2012-06,1,Category A,668,647,1004,59003
2012-06,1,Category B,350,342,490,83000
2012-06,1,Category C,159,155,258,54522
2012-06,1,Category D,410,368,569,1912
2012-06,1,Category E,315,311,526,85889
2012-06,2,Category A,633,577,920,59004
2012-06,2,Category B,349,346,477,85400
2012-06,2,Category C,161,158,242,54502
2012-06,2,Category D,410,393,517,1712
2012-06,2,Category E,317,315,427,84389
2012-07,1,Category A,641,613,872,59421
2012-07,1,Category B,358,358,459,82289
2012-07,1,Category C,164,161,234,55556
2012-07,1,Category D,451,442,592,1760
2012-07,1,Category E,312,295,410,86999
2012-07,2,Category A,676,669,911,68656
2012-07,2,Category B,353,352,549,90501
2012-07,2,Category C,163,162,222,55805
2012-07,2,Category D,426,425,531,1859
2012-07,2,Category E,310,306,429,92700
2012-08,1,Category A,421,415,724,73501
2012-08,1,Category B,350,345,489,94502
2012-08,1,Category C,183,180,241,57001
2012-08,1,Category D,456,453,659,2081
2012-08,1,Category E,260,258,354,95034
2012-08,2,Category A,400,391,530,66889
2012-08,2,Category B,351,351,532,88002
2012-08,2,Category C,181,178,261,59334
2012-08,2,Category D,448,444,535,2013
2012-08,2,Category E,247,238,301,93990
2012-09,1,Category A,399,391,518,68000
2012-09,1,Category B,355,355,466,80191
2012-09,1,Category C,183,177,269,57334
2012-09,1,Category D,450,450,575,1801
2012-09,1,Category E,245,245,349,87999
2012-09,2,Category A,402,402,486,63000
2012-09,2,Category B,351,349,523,88500
2012-09,2,Category C,182,181,230,57809
2012-09,2,Category D,450,434,566,1852
2012-09,2,Category E,252,245,421,89990
2012-10,1,Category A,401,399,506,69000
2012-10,1,Category B,350,350,414,80001
2012-10,1,Category C,186,185,221,56001
2012-10,1,Category D,447,413,631,1912
2012-10,1,Category E,243,242,312,86889
2012-10,2,Category A,393,390,509,71001
2012-10,2,Category B,353,353,540,85801
2012-10,2,Category C,180,180,229,57889
2012-10,2,Category D,463,462,605,1920
2012-10,2,Category E,249,233,371,87000
2012-11,1,Category A,395,393,621,77201
2012-11,1,Category B,350,350,573,92400
2012-11,1,Category C,181,180,268,59111
2012-11,1,Category D,481,478,580,1959
2012-11,1,Category E,244,241,401,92100
2012-11,2,Category A,396,393,540,77291
2012-11,2,Category B,351,342,487,93004
2012-11,2,Category C,179,177,254,60235
2012-11,2,Category D,448,441,523,1689
2012-11,2,Category E,258,250,352,93990
2012-12,1,Category A,395,378,482,78523
2012-12,1,Category B,350,337,493,90200
2012-12,1,Category C,181,168,281,63035
2012-12,1,Category D,450,435,602,1612
2012-12,1,Category E,246,233,329,97000
2012-12,2,Category A,395,378,499,81889
2012-12,2,Category B,360,360,478,93501
2012-12,2,Category C,182,178,242,62201
2012-12,2,Category D,454,440,522,1701
2012-12,2,Category E,250,241,406,95990
2013-01,1,Category A,410,409,555,92100
2013-01,1,Category B,363,363,470,96210
2013-01,1,Category C,193,188,244,60000
2013-01,1,Category D,462,462,523,1933
2013-01,1,Category E,256,256,393,96101
2013-01,2,Category A,409,409,489,91010
2013-01,2,Category B,351,351,452,95501
2013-01,2,Category C,184,184,262,57051
2013-01,2,Category D,461,461,530,1781
2013-01,2,Category E,251,248,344,97889
2013-02,1,Category A,335,333,418,87109
2013-02,1,Category B,302,278,431,92901
2013-02,1,Category C,230,230,316,54989
2013-02,1,Category D,506,502,637,1782
2013-02,1,Category E,238,221,295,94890
2013-02,2,Category A,333,329,427,78301
2013-02,2,Category B,303,299,409,92667
2013-02,2,Category C,225,225,285,53489
2013-02,2,Category D,506,469,589,1512
2013-02,2,Category E,241,200,370,91910
2013-03,1,Category A,336,329,1180,74689
2013-03,1,Category B,326,326,1028,58090
2013-03,1,Category C,225,223,374,53900
2013-03,1,Category D,510,510,669,1895
2013-03,1,Category E,255,248,1036,65001
2013-03,2,Category A,337,337,923,64209
2013-03,2,Category B,307,300,940,73900
2013-03,2,Category C,225,225,312,54111
2013-03,2,Category D,543,543,634,1909
2013-03,2,Category E,279,277,635,73301
2013-04,1,Category A,341,339,966,61029
2013-04,1,Category B,302,287,835,67010
2013-04,1,Category C,227,227,334,56011
2013-04,1,Category D,506,412,680,1812
2013-04,1,Category E,245,244,450,66989
2013-04,2,Category A,333,333,993,62497
2013-04,2,Category B,310,281,683,62000
2013-04,2,Category C,225,218,354,58502
2013-04,2,Category D,506,505,545,1791
2013-04,2,Category E,240,227,421,62000
2013-05,1,Category A,336,329,912,62999
2013-05,1,Category B,317,317,601,61700
2013-05,1,Category C,225,223,312,57051
2013-05,1,Category D,600,595,719,1700
2013-05,1,Category E,239,238,447,62301
2013-05,2,Category A,333,324,888,64839
2013-05,2,Category B,332,329,749,67304
2013-05,2,Category C,233,232,288,56889
2013-05,2,Category D,507,459,642,1663
2013-05,2,Category E,251,239,466,66701
2013-06,1,Category A,341,336,855,67301
2013-06,1,Category B,302,274,732,75000
2013-06,1,Category C,227,226,292,57989
2013-06,1,Category D,511,479,616,1701
2013-06,1,Category E,239,189,534,76000
2013-06,2,Category A,342,341,788,69903
2013-06,2,Category B,305,304,734,81751
2013-06,2,Category C,227,221,289,59001
2013-06,2,Category D,554,534,647,1712
2013-06,2,Category E,251,250,466,83001
2013-07,1,Category A,338,328,716,73100
2013-07,1,Category B,331,325,652,77110
2013-07,1,Category C,226,226,301,61011
2013-07,1,Category D,538,536,679,1610
2013-07,1,Category E,288,284,485,77000
2013-07,2,Category A,334,332,621,73989
2013-07,2,Category B,303,301,574,76389
2013-07,2,Category C,232,226,335,65036
2013-07,2,Category D,526,516,652,1712
2013-07,2,Category E,240,237,425,76802
2013-08,1,Category A,373,371,754,75556
2013-08,1,Category B,380,373,682,77600
2013-08,1,Category C,258,257,364,68251
2013-08,1,Category D,482,481,568,1792
2013-08,1,Category E,264,261,407,77989
2013-08,2,Category A,366,360,596,76223
2013-08,2,Category B,375,371,627,76607
2013-08,2,Category C,263,257,385,71001
2013-08,2,Category D,491,449,615,1722
2013-08,2,Category E,264,264,385,79223
2013-09,1,Category A,366,365,609,77304
2013-09,1,Category B,381,378,623,77100
2013-09,1,Category C,258,254,340,73999
2013-09,1,Category D,481,481,569,1660
2013-09,1,Category E,263,181,431,80000
2013-09,2,Category A,370,361,654,83751
2013-09,2,Category B,377,368,703,86239
2013-09,2,Category C,263,257,321,76001
2013-09,2,Category D,523,521,579,1703
2013-09,2,Category E,261,253,459,87001
2013-10,1,Category A,365,361,615,85000
2013-10,1,Category B,376,373,649,93500
2013-10,1,Category C,261,261,315,76310
2013-10,1,Category D,481,475,567,1961
2013-10,1,Category E,342,330,483,93889
2013-10,2,Category A,373,373,596,76889
2013-10,2,Category B,382,376,515,87910
2013-10,2,Category C,263,262,358,68002
2013-10,2,Category D,482,481,586,1804
2013-10,2,Category E,269,264,337,92289
2013-11,1,Category A,368,368,590,72609
2013-11,1,Category B,376,376,482,84578
2013-11,1,Category C,257,256,427,55503
2013-11,1,Category D,487,487,569,1710
2013-11,1,Category E,273,270,379,89001
2013-11,2,Category A,364,361,650,74991
2013-11,2,Category B,379,375,536,79300
2013-11,2,Category C,258,252,397,55002
2013-11,2,Category D,481,437,543,1712
2013-11,2,Category E,266,259,410,83000
2013-12,1,Category A,364,364,591,73160
2013-12,1,Category B,373,360,549,73010
2013-12,1,Category C,258,257,359,51112
2013-12,1,Category D,481,473,647,1782
2013-12,1,Category E,264,264,365,76901
2013-12,2,Category A,367,363,574,74002
2013-12,2,Category B,377,357,500,75700
2013-12,2,Category C,263,256,338,48001
2013-12,2,Category D,524,501,680,1812
2013-12,2,Category E,268,268,375,77501
2014-01,1,Category A,364,361,623,72369
2014-01,1,Category B,386,377,581,78700
2014-01,1,Category C,258,252,337,48889
2014-01,1,Category D,489,487,542,1989
2014-01,1,Category E,261,244,392,79000
2014-01,2,Category A,368,364,724,72290
2014-01,2,Category B,393,388,512,79000
2014-01,2,Category C,264,249,356,50001
2014-01,2,Category D,503,503,796,2704
2014-01,2,Category E,261,259,373,78810
2014-02,1,Category A,362,356,719,71564
2014-02,1,Category B,360,360,523,75300
2014-02,1,Category C,267,264,364,51002
2014-02,1,Category D,361,353,550,3051
2014-02,1,Category E,208,205,351,77003
2014-02,2,Category A,362,358,700,77201
2014-02,2,Category B,355,353,519,78604
2014-02,2,Category C,277,273,392,52890
2014-02,2,Category D,360,359,478,3501
2014-02,2,Category E,193,191,321,79000
2014-03,1,Category A,365,356,615,76999
2014-03,1,Category B,350,337,499,80710
2014-03,1,Category C,265,262,439,56302
2014-03,1,Category D,368,340,483,4001
2014-03,1,Category E,193,185,292,82000
2014-03,2,Category A,362,360,577,78602
2014-03,2,Category B,353,352,524,82900
2014-03,2,Category C,266,256,356,53891
2014-03,2,Category D,360,355,449,4289
2014-03,2,Category E,193,192,293,84001
2014-04,1,Category A,367,360,537,77400
2014-04,1,Category B,363,363,523,84504
2014-04,1,Category C,265,261,303,49503
2014-04,1,Category D,388,388,520,4489
2014-04,1,Category E,199,197,283,84100
2014-04,2,Category A,361,357,513,71335
2014-04,2,Category B,351,349,486,75010
2014-04,2,Category C,272,266,392,32890
2014-04,2,Category D,365,350,492,4502
2014-04,2,Category E,192,192,310,73810
2014-05,1,Category A,513,512,676,60002
2014-05,1,Category B,483,472,778,70002
2014-05,1,Category C,389,389,715,36301
2014-05,1,Category D,343,340,445,4001
2014-05,1,Category E,295,295,525,65501
2014-05,2,Category A,509,506,997,65689
2014-05,2,Category B,484,477,716,68103
2014-05,2,Category C,392,386,709,40889
2014-05,2,Category D,358,316,492,4003
2014-05,2,Category E,294,285,497,67290
2014-06,1,Category A,507,499,1040,63190
2014-06,1,Category B,494,484,807,67304
2014-06,1,Category C,385,378,617,43001
2014-06,1,Category D,346,346,449,4089
2014-06,1,Category E,293,292,465,67334
2014-06,2,Category A,509,506,1040,61899
2014-06,2,Category B,490,475,716,65700
2014-06,2,Category C,391,385,597,42001
2014-06,2,Category D,385,381,503,3890
2014-06,2,Category E,302,276,434,65301
2014-07,1,Category A,513,511,1075,61990
2014-07,1,Category B,493,491,812,64889
2014-07,1,Category C,392,383,653,43390
2014-07,1,Category D,344,343,415,4001
2014-07,1,Category E,294,288,441,63001
2014-07,2,Category A,509,505,1190,62890
2014-07,2,Category B,498,497,850,65001
2014-07,2,Category C,391,391,779,52010
2014-07,2,Category D,347,341,410,4252
2014-07,2,Category E,319,317,483,65002
2014-08,1,Category A,574,574,1086,64600
2014-08,1,Category B,507,501,1090,68689
2014-08,1,Category C,267,267,519,54009
2014-08,1,Category D,316,315,360,4353
2014-08,1,Category E,245,243,429,69001
2014-08,2,Category A,575,574,994,65710
2014-08,2,Category B,506,502,1137,72990
2014-08,2,Category C,257,254,427,52390
2014-08,2,Category D,322,317,361,4354
2014-08,2,Category E,241,224,358,72810
2014-09,1,Category A,572,568,813,64841
2014-09,1,Category B,511,511,909,73010
2014-09,1,Category C,258,256,429,49901
2014-09,1,Category D,316,316,382,4453
2014-09,1,Category E,241,235,385,74403
2014-09,2,Category A,573,573,792,62000
2014-09,2,Category B,509,507,785,71990
2014-09,2,Category C,261,252,437,49889
2014-09,2,Category D,320,318,394,4504
2014-09,2,Category E,256,252,395,74801
2014-10,1,Category A,575,570,1097,63880
2014-10,1,Category B,505,501,852,72180
2014-10,1,Category C,259,257,516,57389
2014-10,1,Category D,316,316,502,4800
2014-10,1,Category E,245,236,390,72003
2014-10,2,Category A,572,569,1092,63990
2014-10,2,Category B,507,506,822,72002
2014-10,2,Category C,267,266,416,61000
2014-10,2,Category D,317,310,431,4412
2014-10,2,Category E,242,242,335,72201
2014-11,1,Category A,703,692,1196,64900
2014-11,1,Category B,574,559,832,70890
2014-11,1,Category C,143,143,257,63701
2014-11,1,Category D,316,315,380,4290
2014-11,1,Category E,272,271,403,71300
2014-11,2,Category A,701,694,1144,67889
2014-11,2,Category B,570,560,900,72890
2014-11,2,Category C,142,134,260,65001
2014-11,2,Category D,324,322,389,4189
2014-11,2,Category E,263,263,382,73900
2014-12,1,Category A,709,703,996,67089
2014-12,1,Category B,584,582,873,74389
2014-12,1,Category C,141,126,196,60001
2014-12,1,Category D,318,314,392,4210
2014-12,1,Category E,265,257,370,76904
2014-12,2,Category A,705,699,868,65889
2014-12,2,Category B,579,572,755,74000
2014-12,2,Category C,149,149,268,52100
2014-12,2,Category D,319,270,367,4312
2014-12,2,Category E,264,264,446,73990
2015-01,1,Category A,704,698,940,66010
2015-01,1,Category B,571,570,833,75289
2015-01,1,Category C,156,155,296,55011
2015-01,1,Category D,321,319,374,4403
2015-01,1,Category E,272,265,386,75200
2015-01,2,Category A,705,703,1068,65001
2015-01,2,Category B,576,576,915,76889
2015-01,2,Category C,140,139,247,55012
2015-01,2,Category D,366,360,509,4889
2015-01,2,Category E,264,246,431,76790
2015-02,1,Category A,992,991,1295,62002
2015-02,1,Category B,724,723,959,70890
2015-02,1,Category C,185,183,311,52101
2015-02,1,Category D,287,283,384,5504
2015-02,1,Category E,181,181,288,71921
2015-02,2,Category A,988,988,1294,57199
2015-02,2,Category B,722,721,1037,66751
2015-02,2,Category C,185,185,333,53202
2015-02,2,Category D,291,290,396,5800
2015-02,2,Category E,193,193,373,67901
2015-03,1,Category A,987,986,2120,61410
2015-03,1,Category B,723,723,1239,68668
2015-03,1,Category C,186,183,315,56501
2015-03,1,Category D,289,288,343,5501
2015-03,1,Category E,175,162,322,70500
2015-03,2,Category A,987,987,2251,64700
2015-03,2,Category B,723,717,1354,71889
2015-03,2,Category C,184,175,345,59999
2015-03,2,Category D,286,286,385,5610
2015-03,2,Category E,174,172,290,72100
2015-04,1,Category A,988,970,2340,67749
2015-04,1,Category B,722,716,1661,76612
2015-04,1,Category C,188,183,290,64001
2015-04,1,Category D,286,278,442,6312
2015-04,1,Category E,187,165,311,78000
2015-04,2,Category A,987,979,2055,67601
2015-04,2,Category B,728,708,1525,78001
2015-04,2,Category C,194,192,284,53001
2015-04,2,Category D,285,277,376,6801
2015-04,2,Category E,176,163,331,79500
2015-05,1,Category A,1444,1438,2891,68589
2015-05,1,Category B,934,934,1631,77600
2015-05,1,Category C,373,370,545,50098
2015-05,1,Category D,334,321,462,6512
2015-05,1,Category E,292,290,445,78004
2015-05,2,Category A,1434,1431,2351,66590
2015-05,2,Category B,948,948,1401,75002
2015-05,2,Category C,370,365,546,52001
2015-05,2,Category D,334,298,433,6501
2015-05,2,Category E,283,281,364,78001
2015-06,1,Category A,1432,1393,1943,66000
2015-06,1,Category B,929,923,1384,75000
2015-06,1,Category C,371,369,508,50900
2015-06,1,Category D,339,336,430,6509
2015-06,1,Category E,272,267,392,75801
2015-06,2,Category A,1429,1421,1766,61000
2015-06,2,Category B,928,926,1144,71509
2015-06,2,Category C,373,370,481,50502
2015-06,2,Category D,363,359,448,6401
2015-06,2,Category E,272,269,373,74501
2015-07,1,Category A,1466,1464,1891,58700
2015-07,1,Category B,934,933,1225,65501
2015-07,1,Category C,370,370,476,50001
2015-07,1,Category D,330,328,425,6508
2015-07,1,Category E,274,272,411,69001
2015-07,2,Category A,1435,1365,1966,55889
2015-07,2,Category B,930,929,1218,58109
2015-07,2,Category C,371,371,455,50002
2015-07,2,Category D,331,320,486,6312
2015-07,2,Category E,272,270,441,60101
2015-08,1,Category A,1688,1687,2446,56209
2015-08,1,Category B,1057,1054,1634,60789
2015-08,1,Category C,183,183,263,49302
2015-08,1,Category D,356,356,418,6201
2015-08,1,Category E,363,361,607,57885
2015-08,2,Category A,1756,1756,2597,57498
2015-08,2,Category B,1058,1056,1551,62140
2015-08,2,Category C,182,182,282,46501
2015-08,2,Category D,366,319,527,6112
2015-08,2,Category E,363,356,609,61001
2015-09,1,Category A,1688,1688,2553,57089
2015-09,1,Category B,1059,1058,1628,62101
2015-09,1,Category C,182,182,371,46801
2015-09,1,Category D,355,310,473,6512
2015-09,1,Category E,363,358,580,61010
2015-09,2,Category A,1687,1684,2276,55399
2015-09,2,Category B,1058,1041,1371,60001
2015-09,2,Category C,182,172,356,45289
2015-09,2,Category D,402,402,509,6158
2015-09,2,Category E,368,368,542,61300
2015-10,1,Category A,1687,1679,2210,56001
2015-10,1,Category B,1057,1044,1373,58190
2015-10,1,Category C,182,181,331,44890
2015-10,1,Category D,400,398,438,6201
2015-10,1,Category E,366,360,582,58801
2015-10,2,Category A,1690,1684,2229,57301
2015-10,2,Category B,1073,1069,1367,59889
2015-10,2,Category C,192,186,340,42303
2015-10,2,Category D,355,353,430,6302
2015-10,2,Category E,361,356,584,60000
2015-11,1,Category A,1664,1623,2009,56001
2015-11,1,Category B,1037,1031,1267,57501
2015-11,1,Category C,241,240,372,43809
2015-11,1,Category D,329,301,402,5912
2015-11,1,Category E,367,363,505,60689
2015-11,2,Category A,1662,1650,2140,59200
2015-11,2,Category B,1029,1026,1388,61103
2015-11,2,Category C,247,244,389,45890
2015-11,2,Category D,329,324,436,6502
2015-11,2,Category E,365,365,519,62019
2015-12,1,Category A,1698,1696,2132,56989
2015-12,1,Category B,1031,1028,1324,60001
2015-12,1,Category C,241,236,345,48101
2015-12,1,Category D,355,354,414,6501
2015-12,1,Category E,364,362,495,60003
2015-12,2,Category A,1669,1667,1978,54301
2015-12,2,Category B,1027,1025,1200,55001
2015-12,2,Category C,244,243,311,46001
2015-12,2,Category D,332,332,394,6600
2015-12,2,Category E,360,360,512,57501
2016-01,1,Category A,1659,1649,2013,45002
2016-01,1,Category B,1027,1019,1262,54920
2016-01,1,Category C,246,245,353,42036
2016-01,1,Category D,328,317,409,6889
2016-01,1,Category E,362,361,498,55089
2016-01,2,Category A,1659,1638,3437,51301
2016-01,2,Category B,1026,1026,1334,50089
2016-01,2,Category C,242,239,387,46502
2016-01,2,Category D,327,322,415,6512
2016-01,2,Category E,360,350,713,51000
2016-02,1,Category A,2038,2033,2972,46651
2016-02,1,Category B,1216,1216,1624,38610
2016-02,1,Category C,164,164,229,45036
2016-02,1,Category D,368,368,495,6503
2016-02,1,Category E,446,443,824,44001
2016-02,2,Category A,2049,2025,2965,43000
2016-02,2,Category B,1208,1197,2898,46970
2016-02,2,Category C,165,160,239,45001
2016-02,2,Category D,362,361,454,6353
2016-02,2,Category E,456,450,873,45009
2016-03,1,Category A,2033,1957,3518,45000
2016-03,1,Category B,1209,1200,2706,47604
2016-03,1,Category C,162,160,259,48890
2016-03,1,Category D,357,356,430,6503
2016-03,1,Category E,449,312,951,48002
2016-03,2,Category A,2053,2020,3836,45504
2016-03,2,Category B,1220,1218,2491,46502
2016-03,2,Category C,167,166,226,46502
2016-03,2,Category D,357,356,429,6589
2016-03,2,Category E,452,445,912,46667
2016-04,1,Category A,2105,2103,3719,46009
2016-04,1,Category B,1218,1218,2247,47000
2016-04,1,Category C,164,161,235,44213
2016-04,1,Category D,357,356,455,6503
2016-04,1,Category E,583,346,1397,47510
2016-04,2,Category A,2062,2061,3327,47300
2016-04,2,Category B,1211,1136,2364,49602
2016-04,2,Category C,163,162,241,43002
2016-04,2,Category D,357,341,437,6501
2016-04,2,Category E,453,433,834,49501
2016-05,1,Category A,2218,2217,3446,47889
2016-05,1,Category B,1462,1454,2435,51010
2016-05,1,Category C,232,232,324,42302
2016-05,1,Category D,399,389,519,6302
2016-05,1,Category E,750,728,1380,49000
2016-05,2,Category A,2217,2182,3227,47020
2016-05,2,Category B,1537,1536,2322,49156
2016-05,2,Category C,229,229,355,43002
2016-05,2,Category D,414,389,500,6303
2016-05,2,Category E,534,510,815,49700
2016-06,1,Category A,2218,2213,4545,53694
2016-06,1,Category B,1470,1463,3436,56000
2016-06,1,Category C,228,219,347,46434
2016-06,1,Category D,407,395,529,6302
2016-06,1,Category E,536,533,860,55100
2016-06,2,Category A,2252,2197,3957,55200
2016-06,2,Category B,1463,1462,2914,57010
2016-06,2,Category C,228,226,342,48002
2016-06,2,Category D,422,389,495,6303
2016-06,2,Category E,538,531,1009,57390
2016-07,1,Category A,2222,2212,3194,52301
2016-07,1,Category B,1469,1469,2547,56089
2016-07,1,Category C,237,235,310,47889
2016-07,1,Category D,409,365,525,6012
2016-07,1,Category E,517,517,750,56002
2016-07,2,Category A,2272,2246,3195,53000
2016-07,2,Category B,1463,1463,2439,57508
2016-07,2,Category C,230,225,344,49890
2016-07,2,Category D,430,424,586,6302
2016-07,2,Category E,521,500,821,57501
2016-08,1,Category A,2018,1959,2712,52503
2016-08,1,Category B,1336,1300,2156,57903
2016-08,1,Category C,177,177,245,48302
2016-08,1,Category D,403,400,558,6206
2016-08,1,Category E,429,400,610,58201
2016-08,2,Category A,2034,2034,2803,53334
2016-08,2,Category B,1336,1334,2088,56500
2016-08,2,Category C,180,178,236,48001
2016-08,2,Category D,365,321,541,6352
2016-08,2,Category E,450,450,618,56956
2016-09,1,Category A,2067,2011,2739,51506
2016-09,1,Category B,1372,1358,2183,57002
2016-09,1,Category C,175,175,260,49801
2016-09,1,Category D,362,334,521,6452
2016-09,1,Category E,458,450,723,56889
2016-09,2,Category A,2008,1993,2610,50000
2016-09,2,Category B,1338,1334,2017,55501
2016-09,2,Category C,177,165,237,49890
2016-09,2,Category D,403,402,478,6501
2016-09,2,Category E,429,429,592,55201
2016-10,1,Category A,2064,1979,2938,51507
2016-10,1,Category B,1350,1246,1785,53001
2016-10,1,Category C,176,172,232,48702
2016-10,1,Category D,387,359,498,6353
2016-10,1,Category E,436,435,642,54200
2016-10,2,Category A,2023,2021,2584,50991
2016-10,2,Category B,1340,1329,1768,56410
2016-10,2,Category C,188,187,252,45589
2016-10,2,Category D,360,356,430,6354
2016-10,2,Category E,429,428,678,56340
2016-11,1,Category A,1929,1929,2800,52668
2016-11,1,Category B,1347,1345,2012,56206
2016-11,1,Category C,185,181,283,48001
2016-11,1,Category D,399,396,457,6311
2016-11,1,Category E,401,388,641,56000
2016-11,2,Category A,1846,1846,2536,50951
2016-11,2,Category B,1254,1253,1708,53001
2016-11,2,Category C,182,181,286,49002
2016-11,2,Category D,375,331,520,6212
2016-11,2,Category E,401,397,531,54901
2016-12,1,Category A,1844,1812,2335,48000
2016-12,1,Category B,1245,1237,1494,46229
2016-12,1,Category C,185,183,262,51209
2016-12,1,Category D,374,368,436,6113
2016-12,1,Category E,413,411,643,50010
2016-12,2,Category A,1844,1843,2554,49751
2016-12,2,Category B,1244,1242,2052,51109
2016-12,2,Category C,182,176,274,49500
2016-12,2,Category D,415,408,484,6101
2016-12,2,Category E,404,404,668,50389
2017-01,1,Category A,1877,1870,2260,50101
2017-01,1,Category B,1252,1243,1835,53106
2017-01,1,Category C,183,180,271,46302
2017-01,1,Category D,376,374,438,6053
2017-01,1,Category E,401,394,648,53001
2017-01,2,Category A,1846,1766,2437,50889
2017-01,2,Category B,1246,1226,1967,52807
2017-01,2,Category C,186,173,254,47001
2017-01,2,Category D,377,331,412,6052
2017-01,2,Category E,400,381,662,52600
2017-02,1,Category A,2060,2051,2691,48401
2017-02,1,Category B,1366,1352,1783,48209
2017-02,1,Category C,164,155,268,48901
2017-02,1,Category D,348,326,534,6412
2017-02,1,Category E,488,488,805,48556
2017-02,2,Category A,2133,2089,2926,49430
2017-02,2,Category B,1377,1377,2126,50621
2017-02,2,Category C,174,171,249,49810
2017-02,2,Category D,392,384,753,6801
2017-02,2,Category E,500,483,800,51000
2017-03,1,Category A,2061,2045,3190,50789
2017-03,1,Category B,1371,1368,2298,53300
2017-03,1,Category C,170,170,216,49002
2017-03,1,Category D,368,359,546,7483
2017-03,1,Category E,482,478,763,53001
2017-03,2,Category A,2096,2096,2961,51765
2017-03,2,Category B,1357,1345,2081,54000
2017-03,2,Category C,164,163,251,47036
2017-03,2,Category D,355,354,453,8081
2017-03,2,Category E,499,499,783,54501
2017-04,1,Category A,2068,2061,2486,52000
2017-04,1,Category B,1360,1360,1970,54405
2017-04,1,Category C,162,162,351,45906
2017-04,1,Category D,355,354,482,7589
2017-04,1,Category E,486,485,748,54556
2017-04,2,Category A,2052,2030,2442,51600
2017-04,2,Category B,1369,1365,2000,54406
2017-04,2,Category C,163,162,509,26501
2017-04,2,Category D,347,325,512,6712
2017-04,2,Category E,482,477,712,54616
2017-05,1,Category A,1905,1905,2240,51106
2017-05,1,Category B,1320,1316,1996,55414
2017-05,1,Category C,1084,1078,2586,26029
2017-05,1,Category D,455,433,567,6301
2017-05,1,Category E,529,528,755,55000
2017-05,2,Category A,1920,1913,2601,46489
2017-05,2,Category B,1325,1325,1725,53001
2017-05,2,Category C,1085,1084,2492,30600
2017-05,2,Category D,476,470,602,6101
2017-05,2,Category E,532,506,731,52000
2017-06,1,Category A,1898,1893,2245,45201
2017-06,1,Category B,1325,1324,1582,50110
2017-06,1,Category C,1091,1087,2309,38501
2017-06,1,Category D,476,455,743,6101
2017-06,1,Category E,528,528,878,50526
2017-06,2,Category A,1906,1898,2302,42801
2017-06,2,Category B,1321,1320,1651,47501
2017-06,2,Category C,1086,1085,2125,36879
2017-06,2,Category D,459,360,931,6001
2017-06,2,Category E,553,519,925,48001
2017-07,1,Category A,1904,1902,2296,42801
2017-07,1,Category B,1322,1321,1910,49802
2017-07,1,Category C,1088,1078,2189,40212
2017-07,1,Category D,474,377,819,6001
2017-07,1,Category E,528,521,872,49899
2017-07,2,Category A,1907,1905,2389,44002
2017-07,2,Category B,1322,1314,1784,50001
2017-07,2,Category C,1085,1084,1943,42809
2017-07,2,Category D,552,424,1044,5851
2017-07,2,Category E,562,516,941,50101
2017-08,1,Category A,1817,1812,2403,46778
2017-08,1,Category B,1286,1281,1978,53711
2017-08,1,Category C,454,445,742,42801
2017-08,1,Category D,574,508,879,5701
2017-08,1,Category E,547,545,822,52751
2017-08,2,Category A,1817,1817,2148,42900
2017-08,2,Category B,1293,1290,1683,51000
2017-08,2,Category C,445,436,836,42004
2017-08,2,Category D,605,588,1069,3512
2017-08,2,Category E,586,562,781,50000
2017-09,1,Category A,1820,1806,2195,36001
2017-09,1,Category B,1290,1290,1704,49000
2017-09,1,Category C,453,406,695,43002
2017-09,1,Category D,543,535,871,5402
2017-09,1,Category E,543,543,805,48005
2017-09,2,Category A,1815,1815,3469,42902
2017-09,2,Category B,1288,1288,1859,49189
2017-09,2,Category C,453,453,706,46890
2017-09,2,Category D,494,493,727,5501
2017-09,2,Category E,565,563,905,49012
2017-10,1,Category A,1829,1827,2808,41761
2017-10,1,Category B,1285,1284,1646,48109
2017-10,1,Category C,492,492,723,48902
2017-10,1,Category D,485,484,721,5010
2017-10,1,Category E,540,528,869,49000
2017-10,2,Category A,1815,1809,2391,41617
2017-10,2,Category B,1285,1277,1718,49996
2017-10,2,Category C,445,443,611,51890
2017-10,2,Category D,478,449,687,4903
2017-10,2,Category E,542,539,809,52000
2017-11,1,Category A,1683,1683,3430,47112
2017-11,1,Category B,1376,1375,2515,57414
2017-11,1,Category C,242,200,375,58036
2017-11,1,Category D,509,502,683,5502
2017-11,1,Category E,524,495,867,57000
2017-11,2,Category A,1686,1679,2721,46791
2017-11,2,Category B,1383,1383,2173,57390
2017-11,2,Category C,244,241,356,57701
2017-11,2,Category D,538,533,708,5992
2017-11,2,Category E,516,498,844,57501
2017-12,1,Category A,1680,1667,2158,42339
2017-12,1,Category B,1375,1375,1805,53711
2017-12,1,Category C,285,279,454,42000
2017-12,1,Category D,516,500,791,6552
2017-12,1,Category E,542,537,831,54334
2017-12,2,Category A,1687,1654,1970,38200
2017-12,2,Category B,1374,1367,1634,47002
2017-12,2,Category C,246,232,482,45112
2017-12,2,Category D,514,458,743,7501
2017-12,2,Category E,531,529,1003,48011
2018-01,1,Category A,1693,1693,2264,41400
2018-01,1,Category B,1374,1368,1811,45289
2018-01,1,Category C,249,247,458,40101
2018-01,1,Category D,525,413,919,7701
2018-01,1,Category E,518,518,923,47390
2018-01,2,Category A,1713,1708,1938,36890
2018-01,2,Category B,1381,1380,1654,42661
2018-01,2,Category C,257,247,399,39000
2018-01,2,Category D,565,500,786,8001
2018-01,2,Category E,515,495,817,44000
2018-02,1,Category A,1557,1534,2389,40000
2018-02,1,Category B,1396,1396,1831,42322
2018-02,1,Category C,249,249,486,38303
2018-02,1,Category D,624,608,933,8451
2018-02,1,Category E,566,562,790,39903
2018-02,2,Category A,1562,1561,2073,36810
2018-02,2,Category B,1391,1379,1744,39000
2018-02,2,Category C,257,256,489,36859
2018-02,2,Category D,577,568,1073,7667
2018-02,2,Category E,586,581,1216,38801
2018-03,1,Category A,1580,1572,2405,38830
2018-03,1,Category B,1390,1390,1731,39001
2018-03,1,Category C,247,202,446,36003
2018-03,1,Category D,528,525,885,8009
2018-03,1,Category E,571,525,967,39000
2018-03,2,Category A,1559,1551,2117,38000
2018-03,2,Category B,1402,1374,1639,37010
2018-03,2,Category C,247,234,378,35001
2018-03,2,Category D,522,517,803,7602
2018-03,2,Category E,571,564,977,38000
2018-04,1,Category A,1566,1564,1888,37000
2018-04,1,Category B,1389,1388,1689,37605
2018-04,1,Category C,292,290,500,34001
2018-04,1,Category D,516,483,953,7114
2018-04,1,Category E,612,604,967,38039
2018-04,2,Category A,1566,1566,2027,38510
2018-04,2,Category B,1417,1414,1919,37330
2018-04,2,Category C,260,181,461,34202
2018-04,2,Category D,518,515,727,7115
2018-04,2,Category E,573,571,1027,38389
2018-05,1,Category A,1435,1428,1836,38941
2018-05,1,Category B,1280,1267,2155,38501
2018-05,1,Category C,308,188,611,33190
2018-05,1,Category D,560,515,1171,7204
2018-05,1,Category E,565,562,1008,38600
2018-05,2,Category A,1434,1422,1805,38001
2018-05,2,Category B,1283,1247,1915,37989
2018-05,2,Category C,385,382,786,29901
2018-05,2,Category D,529,529,898,7115
2018-05,2,Category E,558,533,836,38700
2018-06,1,Category A,1441,1440,1696,36426
2018-06,1,Category B,1293,1285,1727,36000
2018-06,1,Category C,425,417,685,29902
2018-06,1,Category D,572,487,828,7001
2018-06,1,Category E,559,525,927,37000
2018-06,2,Category A,1446,1437,1818,34110
2018-06,2,Category B,1316,1311,1729,33900
2018-06,2,Category C,308,293,548,32001
2018-06,2,Category D,527,517,771,6889
2018-06,2,Category E,581,580,868,34400
2018-07,1,Category A,1435,1427,1626,25000
2018-07,1,Category B,1288,1288,1637,31000
2018-07,1,Category C,313,272,535,31092
2018-07,1,Category D,612,587,807,6514
2018-07,1,Category E,591,582,975,31001
2018-07,2,Category A,1443,1412,3100,32699
2018-07,2,Category B,1285,1278,1919,32551
2018-07,2,Category C,320,249,538,30889
2018-07,2,Category D,537,533,772,6189
2018-07,2,Category E,558,558,1082,32809
2018-08,1,Category A,1672,1672,3633,33798
2018-08,1,Category B,1265,1256,2132,34381
2018-08,1,Category C,379,330,549,30389
2018-08,1,Category D,845,791,1208,5514
2018-08,1,Category E,536,524,896,33420
2018-08,2,Category A,1695,1695,2948,31997
2018-08,2,Category B,1272,1259,2031,32429
2018-08,2,Category C,409,204,635,29902
2018-08,2,Category D,824,823,1176,4889
2018-08,2,Category E,527,525,927,32311
2018-09,1,Category A,1664,1661,2488,30209
2018-09,1,Category B,1274,1268,1959,32001
2018-09,1,Category C,386,381,612,27001
2018-09,1,Category D,874,867,1213,4390
2018-09,1,Category E,540,506,1006,31801
2018-09,2,Category A,1664,1655,2059,28000
2018-09,2,Category B,1278,1269,1859,31307
2018-09,2,Category C,542,529,921,27104
2018-09,2,Category D,821,821,1098,4214
2018-09,2,Category E,530,519,928,32000
2018-10,1,Category A,1668,1665,2059,28457
2018-10,1,Category B,1271,1241,1886,31301
2018-10,1,Category C,342,340,522,28501
2018-10,1,Category D,827,809,1140,4109
2018-10,1,Category E,561,543,1066,32552
2018-10,2,Category A,1674,1672,1811,25556
2018-10,2,Category B,1273,1267,1856,31302
2018-10,2,Category C,350,349,470,29501
2018-10,2,Category D,819,819,1201,3951
2018-10,2,Category E,539,527,779,32900
2018-11,1,Category A,1819,1757,2849,28199
2018-11,1,Category B,1265,1262,2142,32302
2018-11,1,Category C,332,332,460,29501
2018-11,1,Category D,1121,1104,1543,2509
2018-11,1,Category E,557,544,862,32000
2018-11,2,Category A,1818,1744,2231,25000
2018-11,2,Category B,1241,1234,1786,31101
2018-11,2,Category C,331,327,580,27509
2018-11,2,Category D,1103,1093,1423,2989
2018-11,2,Category E,552,546,930,30959
2018-12,1,Category A,1878,1878,2177,23568
2018-12,1,Category B,1239,1230,1780,31001
2018-12,1,Category C,329,328,489,27009
2018-12,1,Category D,1121,1113,1483,3399
2018-12,1,Category E,552,546,1021,30851
2018-12,2,Category A,1890,1887,2729,25501
2018-12,2,Category B,1243,1235,1804,31001
2018-12,2,Category C,333,318,503,27001
2018-12,2,Category D,1114,1114,1375,3789
2018-12,2,Category E,545,545,778,31809
2019-01,1,Category A,1815,1804,2707,25920
2019-01,1,Category B,1245,1242,1818,32200
2019-01,1,Category C,330,308,472,27002
2019-01,1,Category D,1112,1103,1396,3610
2019-01,1,Category E,546,540,776,32909
2019-01,2,Category A,1818,1818,2864,26170
2019-01,2,Category B,1244,1230,2119,33989
2019-01,2,Category C,344,342,537,26230
2019-01,2,Category D,1104,1104,1473,2889
2019-01,2,Category E,540,530,797,33689
2019-02,1,Category A,1662,1653,2371,25689
2019-02,1,Category B,1202,1169,1937,34509
2019-02,1,Category C,326,324,466,26378
2019-02,1,Category D,834,834,1164,3709
2019-02,1,Category E,403,392,545,35310
2019-02,2,Category A,1650,1650,2261,26301
2019-02,2,Category B,1214,1213,1993,35403
2019-02,2,Category C,306,306,433,26914
2019-02,2,Category D,826,817,1100,3689
2019-02,2,Category E,407,407,658,36667
2019-03,1,Category A,1659,1653,2213,26309
2019-03,1,Category B,1233,1230,1903,36961
2019-03,1,Category C,306,301,443,27010
2019-03,1,Category D,825,822,1175,3602
2019-03,1,Category E,408,405,689,37620
2019-03,2,Category A,1650,1647,2204,26659
2019-03,2,Category B,1201,1195,1878,39401
2019-03,2,Category C,304,304,411,27021
2019-03,2,Category D,834,825,1039,3469
2019-03,2,Category E,397,396,730,41000
2019-04,1,Category A,1656,1650,2338,29159
2019-04,1,Category B,1202,1202,1782,43102
2019-04,1,Category C,309,304,431,27589
2019-04,1,Category D,829,803,1193,3501
2019-04,1,Category E,400,391,648,48209
2019-04,2,Category A,1653,1603,2249,33199
2019-04,2,Category B,1205,1181,1634,48000
2019-04,2,Category C,304,284,560,32001
2019-04,2,Category D,835,834,1129,3452
2019-04,2,Category E,398,391,667,52410
